-- phpMyAdmin SQL Dump
-- version phpStudy 2014
-- http://www.phpmyadmin.net
--
-- ä¸»æœº: localhost
-- ç”Ÿæˆæ—¥æœŸ: 2019 å¹?05 æœ?13 æ—?10:51
-- æœåŠ¡å™¨ç‰ˆæœ¬: 5.5.53
-- PHP ç‰ˆæœ¬: 5.6.27

SET SQL_MODE="NO_AUTO_VALUE_ON_ZERO";
SET time_zone = "+00:00";


/*!40101 SET @OLD_CHARACTER_SET_CLIENT=@@CHARACTER_SET_CLIENT */;
/*!40101 SET @OLD_CHARACTER_SET_RESULTS=@@CHARACTER_SET_RESULTS */;
/*!40101 SET @OLD_COLLATION_CONNECTION=@@COLLATION_CONNECTION */;
/*!40101 SET NAMES utf8 */;

--
-- æ•°æ®åº“: `yifu`
--

-- --------------------------------------------------------

--
-- è¡¨çš„ç»“æ„ `shop_apiconfig`
--

CREATE TABLE IF NOT EXISTS `shop_apiconfig` (
  `id` int(10) unsigned NOT NULL AUTO_INCREMENT COMMENT 'ç¼–å·',
  `key` varchar(255) NOT NULL COMMENT 'é…ç½®é¡¹åç§°',
  `value` varchar(255) NOT NULL COMMENT 'é…ç½®é¡¹å€¼',
  `description` varchar(255) DEFAULT NULL COMMENT 'é…ç½®æè¿°',
  PRIMARY KEY (`id`)
) ENGINE=InnoDB  DEFAULT CHARSET=utf8 AUTO_INCREMENT=19 ;

--
-- è½¬å­˜è¡¨ä¸­çš„æ•°æ® `shop_apiconfig`
--

INSERT INTO `shop_apiconfig` (`id`, `key`, `value`, `description`) VALUES
(1, 'print_apikey', '', 'APIå¯†é’¥'),
(2, 'print_machine_code', '', 'æ‰“å°æœºç»ˆç«¯å·'),
(3, 'print_msign', '', 'æ‰“å°æœºå¯†é’¥'),
(4, 'print_mobiliphone', '', 'ç»ˆç«¯å†…éƒ¨æ‰‹æœºå·'),
(5, 'print_partner', '', 'æ˜“è¿äº‘ç”¨æˆ·ID'),
(6, 'print_username', '', 'æ˜“è¿äº‘ç”¨æˆ·å'),
(7, 'print_printname', '', 'æ‰“å°æœºç»ˆç«¯åç§°'),
(8, 'sms_appkey', '', 'Keyå€¼'),
(9, 'sms_appsecret', '', 'å¯†é’¥'),
(10, 'sms_template_code', '', 'æ¨¡æ¿ID'),
(11, 'sms_signname', '', 'ç­¾ååç§°'),
(12, 'alipay_partner', '', 'åˆä½œèº«ä»½è€…IDï¼Œç­¾çº¦è´¦å·ï¼Œä»¥2088å¼€å¤´ç”±16ä½çº¯æ•°å­—ç»„æˆçš„å­—ç¬¦ä¸²'),
(13, 'alipay_appkey', '', ' MD5å¯†é’¥ï¼Œå®‰å…¨æ£€éªŒç ï¼Œç”±æ•°å­—å’Œå­—æ¯ç»„æˆçš„32ä½å­—ç¬¦ä¸²'),
(14, 'wechat_appid', '', 'å¾®ä¿¡å…¬ä¼—å·èº«ä»½çš„å”¯ä¸€æ ‡è¯†'),
(15, 'wechat_mchid', '', 'å—ç†å•†IDï¼Œèº«ä»½æ ‡è¯†'),
(16, 'wechat_appkey', '', 'å•†æˆ·æ”¯ä»˜å¯†é’¥Key'),
(17, 'wechat_appsecret', '', 'JSAPIæ¥å£ä¸­è·å–openid'),
(18, 'wechat_token', '', 'å¾®ä¿¡é€šè®¯tokenå€¼');

-- --------------------------------------------------------

--
-- è¡¨çš„ç»“æ„ `shop_banner`
--

CREATE TABLE IF NOT EXISTS `shop_banner` (
  `id` int(11) NOT NULL AUTO_INCREMENT,
  `name` varchar(80) NOT NULL DEFAULT '' COMMENT 'å¹¿å‘Šåç§°',
  `description` varchar(500) NOT NULL DEFAULT '' COMMENT 'å¹¿å‘Šä½ç½®æè¿°',
  `position` int(11) NOT NULL COMMENT 'å¹¿å‘Šä½ç½®',
  `banner_path` varchar(140) NOT NULL COMMENT 'å›¾ç‰‡åœ°å€',
  `link` varchar(140) NOT NULL DEFAULT '' COMMENT 'è¿æ¥åœ°å€',
  `level` int(4) NOT NULL DEFAULT '0' COMMENT 'ä¼˜å…ˆçº§',
  `status` tinyint(4) NOT NULL DEFAULT '1' COMMENT 'çŠ¶æ€ï¼ˆ2ï¼šç¦ç”¨ 1ï¼šæ­£å¸¸ï¼‰',
  `createtime` int(11) NOT NULL,
  `endtime` int(11) NOT NULL,
  PRIMARY KEY (`id`)
) ENGINE=InnoDB  DEFAULT CHARSET=utf8 ROW_FORMAT=COMPACT AUTO_INCREMENT=5 ;

--
-- è½¬å­˜è¡¨ä¸­çš„æ•°æ® `shop_banner`
--

INSERT INTO `shop_banner` (`id`, `name`, `description`, `position`, `banner_path`, `link`, `level`, `status`, `createtime`, `endtime`) VALUES
(1, 'bannerå›¾1', 'bannerå›¾1', 1, '/uploads/picture/20190506/34a4fefb125f1c436c96356ce2dca11f.jpg', '#', 0, 1, 1551886458, 0),
(2, 'bannerå›¾2', 'bannerå›¾2', 1, '/uploads/picture/20190506/4e87ca5818bd5a7f229c151ac671621d.jpg', '#', 0, 1, 1551886578, 0),
(3, 'bannerå›¾3', 'bannerå›¾3', 1, '/uploads/picture/20190506/10d2dab9801b5b1b0c7759d24f75f044.jpg', '#', 0, 1, 1551886698, 0),
(4, 'æ¨èå•†å“', 'æ¨èå•†å“', 2, '/uploads/picture/20190506/f3aa19ed42484e2ff467a5d51653d748.jpg', '#', 0, 1, 1551886933, 0);

-- --------------------------------------------------------

--
-- è¡¨çš„ç»“æ„ `shop_banner_position`
--

CREATE TABLE IF NOT EXISTS `shop_banner_position` (
  `id` int(11) NOT NULL AUTO_INCREMENT,
  `title` char(80) NOT NULL,
  `width` char(20) NOT NULL,
  `height` char(20) NOT NULL,
  `status` tinyint(4) NOT NULL DEFAULT '1' COMMENT 'çŠ¶æ€(0:ç¦ç”¨ 1ï¼šæ­£å¸¸)',
  PRIMARY KEY (`id`)
) ENGINE=InnoDB  DEFAULT CHARSET=utf8 AUTO_INCREMENT=3 ;

--
-- è½¬å­˜è¡¨ä¸­çš„æ•°æ® `shop_banner_position`
--

INSERT INTO `shop_banner_position` (`id`, `title`, `width`, `height`, `status`) VALUES
(1, 'pcé¦–é¡µbannerå›¾', '300', '1190', 1),
(2, 'å•†å“é¡µæ¨è', '200', '260', 1);

-- --------------------------------------------------------

--
-- è¡¨çš„ç»“æ„ `shop_cart`
--

CREATE TABLE IF NOT EXISTS `shop_cart` (
  `id` int(11) NOT NULL AUTO_INCREMENT,
  `uid` int(11) NOT NULL,
  `goods_id` int(11) NOT NULL,
  `num` int(11) NOT NULL DEFAULT '0' COMMENT 'è´­ä¹°æ•°é‡',
  `createtime` int(11) NOT NULL,
  `status` tinyint(4) NOT NULL DEFAULT '1' COMMENT '1ï¼šæ­£å¸¸ï¼Œ2ï¼šå·²è´­ä¹°',
  PRIMARY KEY (`id`)
) ENGINE=InnoDB  DEFAULT CHARSET=utf8 AUTO_INCREMENT=11 ;

--
-- è½¬å­˜è¡¨ä¸­çš„æ•°æ® `shop_cart`
--

INSERT INTO `shop_cart` (`id`, `uid`, `goods_id`, `num`, `createtime`, `status`) VALUES
(2, 3, 1, 5, 1549977418, 1),
(3, 4, 1, 1, 1549977898, 1),
(4, 5, 1, 1, 1550661297, 1),
(5, 6, 2, 1, 1550664864, 1),
(6, 7, 1, 4, 1555204892, 1),
(9, 1, 1, 1, 1556868632, 1),
(10, 1, 4, 1, 1557155290, 1);

-- --------------------------------------------------------

--
-- è¡¨çš„ç»“æ„ `shop_code`
--

CREATE TABLE IF NOT EXISTS `shop_code` (
  `id` int(60) NOT NULL AUTO_INCREMENT,
  `mobile` char(128) DEFAULT NULL,
  `code` char(30) DEFAULT NULL,
  `yzm_time` int(60) DEFAULT NULL,
  `num` int(60) NOT NULL DEFAULT '0',
  `captcha` char(30) NOT NULL,
  `date` varchar(10) DEFAULT NULL,
  PRIMARY KEY (`id`)
) ENGINE=InnoDB DEFAULT CHARSET=utf8 AUTO_INCREMENT=1 ;

-- --------------------------------------------------------

--
-- è¡¨çš„ç»“æ„ `shop_email_check`
--

CREATE TABLE IF NOT EXISTS `shop_email_check` (
  `id` int(30) NOT NULL AUTO_INCREMENT,
  `username` char(128) NOT NULL,
  `email` char(128) NOT NULL,
  `passtime` int(128) NOT NULL,
  `token` char(128) NOT NULL,
  PRIMARY KEY (`id`)
) ENGINE=InnoDB DEFAULT CHARSET=utf8 AUTO_INCREMENT=1 ;

-- --------------------------------------------------------

--
-- è¡¨çš„ç»“æ„ `shop_goods`
--

CREATE TABLE IF NOT EXISTS `shop_goods` (
  `id` int(11) NOT NULL AUTO_INCREMENT,
  `uid` int(11) NOT NULL,
  `uuid` varchar(255) NOT NULL,
  `name` varchar(255) NOT NULL COMMENT 'å•†å“åç§°',
  `num` int(11) NOT NULL COMMENT 'å•†å“åº“å­˜æ•°é‡',
  `price` decimal(10,2) NOT NULL DEFAULT '0.00' COMMENT 'ä»·æ ¼',
  `description` text NOT NULL COMMENT 'å•†å“æè¿°',
  `standard` varchar(255) NOT NULL COMMENT 'è§„æ ¼å‹å·',
  `cover_path` varchar(255) NOT NULL COMMENT 'å°é¢å›¾',
  `photo_path_1` varchar(255) DEFAULT NULL,
  `photo_path_2` varchar(255) DEFAULT NULL,
  `photo_path_3` varchar(255) DEFAULT NULL,
  `content` text NOT NULL COMMENT 'å•†å“è¯¦æƒ…',
  `click_count` int(11) NOT NULL DEFAULT '0' COMMENT 'å•†å“ç‚¹å‡»æ•°',
  `status` tinyint(4) NOT NULL DEFAULT '1' COMMENT '1:ä¸Šæ¶ï¼Œ2ï¼šä¸‹æ¶',
  `is_best` tinyint(4) NOT NULL DEFAULT '0' COMMENT 'æ˜¯å¦ä¸ºç²¾å“',
  `is_new` tinyint(4) NOT NULL DEFAULT '0' COMMENT 'æ˜¯å¦ä¸ºæ–°å“',
  `is_hot` tinyint(4) NOT NULL DEFAULT '0' COMMENT 'æ˜¯å¦ä¸ºçƒ­é”€',
  `sell_num` int(11) NOT NULL DEFAULT '0' COMMENT 'å·²ç»å‡ºå”®çš„æ•°é‡',
  `createtime` int(11) NOT NULL COMMENT 'åˆ›å»ºæ—¶é—´',
  `score_num` tinyint(2) NOT NULL DEFAULT '1' COMMENT 'å¹³å‡è¯„åˆ†',
  PRIMARY KEY (`id`)
) ENGINE=InnoDB  DEFAULT CHARSET=utf8 AUTO_INCREMENT=5 ;

--
-- è½¬å­˜è¡¨ä¸­çš„æ•°æ® `shop_goods`
--

INSERT INTO `shop_goods` (`id`, `uid`, `uuid`, `name`, `num`, `price`, `description`, `standard`, `cover_path`, `photo_path_1`, `photo_path_2`, `photo_path_3`, `content`, `click_count`, `status`, `is_best`, `is_new`, `is_hot`, `sell_num`, `createtime`, `score_num`) VALUES
(4, 1, '8a11f0df-0ede-6857-7fd6-675efc62d037', 'nake', 100, '1000.00', 'nake', 'M', '/uploads/picture/20190506/e7187b6feda1c523ad3b0a6584b09271.jpg', '/uploads/picture/20190506/4abafdf75dc28d110079f5e354bc4410.jpg', '/uploads/picture/20190506/ca169728a37b85703fc585b7a4ca9699.jpg', '', 'nake<audio controls="controls" style="display: none;"></audio>', 0, 1, 1, 1, 1, 0, 1557154820, 1);

-- --------------------------------------------------------

--
-- è¡¨çš„ç»“æ„ `shop_goods_cate`
--

CREATE TABLE IF NOT EXISTS `shop_goods_cate` (
  `id` int(11) NOT NULL AUTO_INCREMENT,
  `name` varchar(200) NOT NULL COMMENT 'åˆ†ç±»å',
  `slug` varchar(200) NOT NULL COMMENT 'ç¼©ç•¥å',
  `cover_path` varchar(200) NOT NULL COMMENT 'åˆ†ç±»å°é¢å›¾',
  `pid` int(11) NOT NULL DEFAULT '0',
  `page_num` int(11) NOT NULL,
  `lists_tpl` varchar(200) NOT NULL,
  `detail_tpl` varchar(200) NOT NULL,
  `status` tinyint(4) NOT NULL DEFAULT '1' COMMENT '1:å¯ç”¨ï¼Œ2ï¼šç¦ç”¨',
  PRIMARY KEY (`id`)
) ENGINE=InnoDB  DEFAULT CHARSET=utf8 AUTO_INCREMENT=4 ;

--
-- è½¬å­˜è¡¨ä¸­çš„æ•°æ® `shop_goods_cate`
--

INSERT INTO `shop_goods_cate` (`id`, `name`, `slug`, `cover_path`, `pid`, `page_num`, `lists_tpl`, `detail_tpl`, `status`) VALUES
(1, 'è¡£æœ', 'è¡£æœ', '', 0, 20, 'goods_list', 'goods_detail', 1),
(3, 'nake', 'nake', '', 1, 20, 'goods_list', 'goods_detail', 1);

-- --------------------------------------------------------

--
-- è¡¨çš„ç»“æ„ `shop_goods_cate_relationships`
--

CREATE TABLE IF NOT EXISTS `shop_goods_cate_relationships` (
  `id` int(11) NOT NULL AUTO_INCREMENT,
  `goods_id` int(11) NOT NULL,
  `cate_id` int(11) NOT NULL,
  PRIMARY KEY (`id`)
) ENGINE=InnoDB  DEFAULT CHARSET=utf8 AUTO_INCREMENT=19 ;

--
-- è½¬å­˜è¡¨ä¸­çš„æ•°æ® `shop_goods_cate_relationships`
--

INSERT INTO `shop_goods_cate_relationships` (`id`, `goods_id`, `cate_id`) VALUES
(1, 1, 2),
(3, 3, 4),
(4, 2, 2),
(5, 1, 5),
(6, 1, 6),
(7, 2, 7),
(8, 3, 6),
(9, 1, 2),
(10, 2, 4),
(11, 3, 1),
(12, 3, 2),
(13, 1, 1),
(14, 1, 2),
(15, 1, 1),
(16, 2, 2),
(17, 3, 1),
(18, 4, 3);

-- --------------------------------------------------------

--
-- è¡¨çš„ç»“æ„ `shop_goods_collection`
--

CREATE TABLE IF NOT EXISTS `shop_goods_collection` (
  `id` int(10) NOT NULL AUTO_INCREMENT,
  `uid` int(10) DEFAULT NULL COMMENT 'ç”¨æˆ·id',
  `goods_id` int(10) DEFAULT NULL COMMENT 'å•†å“id',
  `createtime` varchar(11) DEFAULT NULL COMMENT 'æ”¶è—æ—¶é—´',
  PRIMARY KEY (`id`)
) ENGINE=InnoDB  DEFAULT CHARSET=utf8 AUTO_INCREMENT=4 ;

--
-- è½¬å­˜è¡¨ä¸­çš„æ•°æ® `shop_goods_collection`
--

INSERT INTO `shop_goods_collection` (`id`, `uid`, `goods_id`, `createtime`) VALUES
(1, 5, 1, '1550661435'),
(2, 6, 2, '1550664919'),
(3, 1, 2, '1556868355');

-- --------------------------------------------------------

--
-- è¡¨çš„ç»“æ„ `shop_goods_comment`
--

CREATE TABLE IF NOT EXISTS `shop_goods_comment` (
  `id` bigint(20) unsigned NOT NULL AUTO_INCREMENT COMMENT 'è‡ªå¢å”¯ä¸€ID',
  `uid` int(20) DEFAULT NULL,
  `goods_id` bigint(20) unsigned NOT NULL DEFAULT '0' COMMENT 'å¯¹åº”æ–‡ç« ID',
  `order_id` varchar(20) DEFAULT NULL COMMENT 'è®¢å•å·',
  `createtime` int(11) NOT NULL DEFAULT '0' COMMENT 'è¯„è®ºæ—¶é—´',
  `content` text NOT NULL COMMENT 'è¯„è®ºæ­£æ–‡',
  `approved` varchar(20) NOT NULL DEFAULT '0' COMMENT 'å®¡æ ¸ 0-å¾…å®¡æ ¸  1-å·²å®¡æ ¸',
  `pid` bigint(20) unsigned NOT NULL DEFAULT '0' COMMENT 'çˆ¶è¯„è®ºID',
  `score` int(2) DEFAULT NULL COMMENT 'å•†å“è¯„åˆ†',
  `status` tinyint(4) NOT NULL DEFAULT '1' COMMENT 'çŠ¶æ€ -1-åˆ é™¤  1-æ­£å¸¸',
  PRIMARY KEY (`id`),
  KEY `comment_post_ID` (`goods_id`),
  KEY `comment_approved_date_gmt` (`approved`),
  KEY `comment_parent` (`pid`)
) ENGINE=InnoDB  DEFAULT CHARSET=utf8 AUTO_INCREMENT=7 ;

--
-- è½¬å­˜è¡¨ä¸­çš„æ•°æ® `shop_goods_comment`
--

INSERT INTO `shop_goods_comment` (`id`, `uid`, `goods_id`, `order_id`, `createtime`, `content`, `approved`, `pid`, `score`, `status`) VALUES
(1, 4, 1, '5', 1549978033, 'dasdas', '1', 0, 4, 1),
(2, 5, 1, '6', 1550661353, 'eqweqweqw', '1', 0, 4, 1),
(3, 6, 2, '7', 1550664903, 'dsadas', '1', 0, 5, 1),
(4, 7, 1, '1', 1555204992, '33', '1', 0, 5, -1),
(5, 1, 1, '4', 1555207498, 'æ·±Vweb', '0', 0, 5, -1),
(6, 1, 2, '6', 1556868323, '3123223.', '1', 0, 5, 1);

-- --------------------------------------------------------

--
-- è¡¨çš„ç»“æ„ `shop_key_value`
--

CREATE TABLE IF NOT EXISTS `shop_key_value` (
  `id` int(11) NOT NULL AUTO_INCREMENT,
  `collection` varchar(128) NOT NULL COMMENT 'å‘½åé›†åˆé”®å’Œå€¼å¯¹',
  `uuid` varchar(128) NOT NULL DEFAULT 'default' COMMENT 'ç³»ç»Ÿå”¯ä¸€æ ‡è¯†',
  `name` varchar(128) NOT NULL COMMENT 'é”®å',
  `value` longtext NOT NULL COMMENT 'The value.',
  PRIMARY KEY (`id`,`collection`,`uuid`,`name`)
) ENGINE=InnoDB  DEFAULT CHARSET=utf8 AUTO_INCREMENT=60 ;

--
-- è½¬å­˜è¡¨ä¸­çš„æ•°æ® `shop_key_value`
--

INSERT INTO `shop_key_value` (`id`, `collection`, `uuid`, `name`, `value`) VALUES
(1, 'config.base', 'default', 'web_allow_register', '1'),
(2, 'config.base', 'default', 'web_site_close', '0'),
(3, 'config.base', 'default', 'web_site_description', 'å•†åŸ'),
(4, 'config.base', 'default', 'web_site_icp', ''),
(5, 'config.base', 'default', 'web_site_keyword', 'å•†åŸ'),
(6, 'config.base', 'default', 'web_site_title', 'å•†åŸ'),
(7, 'config.base', 'default', 'web_allow_ticket', '0'),
(8, 'indextheme', 'default', 'name', 'default'),
(9, 'posts.form', '9db99141-65a4-2393-bfa8-d4d100e1a1f4', 'page_tpl', 'page'),
(10, 'posts.form', '1d3fa553-6e07-eed6-f459-4694de378122', 'page_tpl', 'page'),
(11, 'term.taxonomy', '1caad667-985e-4b91-ef4a-fbbac872fbce', 'page_num', '20'),
(12, 'term.taxonomy', '1caad667-985e-4b91-ef4a-fbbac872fbce', 'lists_tpl', 'news_list'),
(13, 'term.taxonomy', '1caad667-985e-4b91-ef4a-fbbac872fbce', 'detail_tpl', 'news_detail'),
(14, 'term.taxonomy', '1caad667-985e-4b91-ef4a-fbbac872fbce', 'bind_form', 'article'),
(15, 'term.taxonomy', '75d26c72-c68f-6c2b-3f5d-da6b85915a1c', 'page_num', '20'),
(16, 'term.taxonomy', '75d26c72-c68f-6c2b-3f5d-da6b85915a1c', 'lists_tpl', 'news_list'),
(17, 'term.taxonomy', '75d26c72-c68f-6c2b-3f5d-da6b85915a1c', 'detail_tpl', 'news_detail'),
(18, 'term.taxonomy', '75d26c72-c68f-6c2b-3f5d-da6b85915a1c', 'bind_form', 'article'),
(19, 'term.taxonomy', '8e830d6a-2be3-ad99-08b5-de279d877937', 'page_num', '20'),
(20, 'term.taxonomy', '8e830d6a-2be3-ad99-08b5-de279d877937', 'lists_tpl', 'news_list'),
(21, 'term.taxonomy', '8e830d6a-2be3-ad99-08b5-de279d877937', 'detail_tpl', 'news_detail'),
(22, 'term.taxonomy', '8e830d6a-2be3-ad99-08b5-de279d877937', 'bind_form', 'article'),
(29, 'posts.form', '085b628d-d8ae-d04c-dfa0-61992ca70f29', 'page_tpl', 'page'),
(30, 'posts.form', '3cf4069c-80d0-ac82-fcfe-e7e378569c12', 'page_tpl', 'page'),
(31, 'posts.form', '7df6d672-48ef-b8ed-1d18-74c3770dcbc3', 'page_tpl', 'page'),
(32, 'posts.form', '7faa2c91-b173-6bd2-4b69-c0234c7c1a57', 'page_tpl', 'page'),
(33, 'posts.form', 'b64c7e04-b8a0-eeda-0314-35eabe258111', 'page_tpl', 'page'),
(34, 'posts.form', '8bc618f8-c8a4-2219-fee2-2da0a71ca8ff', 'page_tpl', 'page'),
(35, 'posts.form', '8cfc3471-3754-30cb-b030-a11dba360e0c', 'page_tpl', 'page'),
(36, 'posts.form', '9bb4e644-482b-c2cd-68c7-9a1a2f290435', 'page_tpl', 'page'),
(37, 'posts.form', '1c6e5535-86e8-6e0b-548b-02e631b85b20', 'page_tpl', 'page'),
(38, 'posts.form', '879bda21-07f8-df3c-9270-7789515157ed', 'page_tpl', 'page'),
(39, 'posts.form', '74610495-ab86-d787-fa50-8ba3987b680b', 'page_tpl', 'page'),
(40, 'posts.form', '76ce6961-894e-8d13-59c4-49881ddf6748', 'page_tpl', 'page'),
(41, 'posts.form', '94714551-683d-aa79-6fb4-60dd70201473', 'page_tpl', 'page'),
(42, 'posts.form', '11646a6e-cd35-bcdd-4136-c5b392b63a6f', 'page_tpl', 'page'),
(43, 'posts.form', 'd27eea5e-e553-d2d5-b05b-9574af56ce3f', 'page_tpl', 'page'),
(44, 'posts.form', '60e38eeb-97a5-61ac-be60-425f9f8eb1c5', 'page_tpl', 'page'),
(45, 'posts.form', 'f569d8f0-0510-8c55-2cbf-f29a4ffea591', 'page_tpl', 'page'),
(46, 'posts.form', 'e4ec7532-1686-71f3-f57e-e19cc49a81bf', 'page_tpl', 'page'),
(47, 'posts.form', 'fabe0485-4f82-643a-6a46-cd8defc7f6d4', 'page_tpl', 'page'),
(48, 'posts.form', '88de9d39-21e8-d00f-c8ff-2b56791ea559', 'page_tpl', 'page'),
(49, 'users', '149f0e45-5cc0-dff6-d351-8e246c55b819', 'is_root', '1'),
(50, 'posts.form', '0b2c8165-c99e-6daa-d8b0-e356b2e75ee8', 'page_tpl', 'page'),
(51, 'posts.form', '87f478f4-b4b5-8429-c7fa-2ac816cc9276', 'description', ''),
(52, 'posts.form', 'e13f3d7e-31dd-0356-3103-3d2e69258855', 'page_tpl', 'page'),
(53, 'posts.form', '8a98549b-5e92-8595-8a75-941652b0cd44', 'description', ''),
(54, 'posts.cover', '8a98549b-5e92-8595-8a75-941652b0cd44', 'cover_path_1', '/uploads/picture/20190220/489a269682d6d7378ad063e7bb755865.gif'),
(55, 'posts.form', 'ddd32129-a296-10f4-410e-af801baecd26', 'page_tpl', 'page'),
(56, 'posts.form', '7ab47541-c2dc-9e19-b8cf-98a97dc9467d', 'description', ''),
(57, 'posts.form', '3ea9bf96-c5be-d853-1253-14b9846c8c97', 'page_tpl', 'page'),
(59, 'posts.form', 'f40f4963-ecf9-fc58-b6a9-9fd7211b9bb5', 'description', 'æ²™å‘');

-- --------------------------------------------------------

--
-- è¡¨çš„ç»“æ„ `shop_links`
--

CREATE TABLE IF NOT EXISTS `shop_links` (
  `id` bigint(20) unsigned NOT NULL AUTO_INCREMENT COMMENT 'è‡ªå¢å”¯ä¸€ID',
  `url` varchar(255) NOT NULL DEFAULT '' COMMENT 'é“¾æ¥URL',
  `name` varchar(255) NOT NULL DEFAULT '' COMMENT 'é“¾æ¥æ ‡é¢˜',
  `image` varchar(255) NOT NULL DEFAULT '' COMMENT 'é“¾æ¥å›¾ç‰‡',
  `target` varchar(25) NOT NULL DEFAULT '' COMMENT 'é“¾æ¥æ‰“å¼€æ–¹å¼',
  `description` varchar(255) NOT NULL DEFAULT '' COMMENT 'é“¾æ¥æè¿°',
  `visible` varchar(20) NOT NULL DEFAULT 'Y' COMMENT 'æ˜¯å¦å¯è§ï¼ˆY/Nï¼‰',
  `owner` bigint(20) unsigned NOT NULL DEFAULT '1' COMMENT 'æ·»åŠ è€…ç”¨æˆ·ID',
  `createtime` int(11) NOT NULL DEFAULT '0',
  PRIMARY KEY (`id`),
  KEY `link_visible` (`visible`)
) ENGINE=MyISAM  DEFAULT CHARSET=utf8 AUTO_INCREMENT=2 ;

--
-- è½¬å­˜è¡¨ä¸­çš„æ•°æ® `shop_links`
--

INSERT INTO `shop_links` (`id`, `url`, `name`, `image`, `target`, `description`, `visible`, `owner`, `createtime`) VALUES
(1, 'http://www.baidu.com', 'ç™¾åº¦ä¸€ä¸‹', '', '_blank', 'ç™¾åº¦', 'Y', 1, 1474877272);

-- --------------------------------------------------------

--
-- è¡¨çš„ç»“æ„ `shop_menu`
--

CREATE TABLE IF NOT EXISTS `shop_menu` (
  `id` int(10) unsigned NOT NULL AUTO_INCREMENT COMMENT 'æ–‡æ¡£ID',
  `name` varchar(50) NOT NULL DEFAULT '' COMMENT 'åç§°',
  `icon` varchar(50) DEFAULT '' COMMENT 'å›¾æ ‡',
  `pid` int(10) unsigned NOT NULL DEFAULT '0' COMMENT 'ä¸Šçº§åˆ†ç±»ID',
  `sort` int(10) unsigned NOT NULL DEFAULT '0' COMMENT 'æ’åºï¼ˆåŒçº§æœ‰æ•ˆï¼‰',
  `url` char(255) NOT NULL DEFAULT '' COMMENT 'é“¾æ¥åœ°å€',
  `hide` tinyint(1) unsigned NOT NULL DEFAULT '0' COMMENT 'æ˜¯å¦éšè—',
  `status` tinyint(1) NOT NULL DEFAULT '0' COMMENT 'çŠ¶æ€',
  PRIMARY KEY (`id`),
  KEY `pid` (`pid`),
  KEY `status` (`status`)
) ENGINE=MyISAM  DEFAULT CHARSET=utf8 AUTO_INCREMENT=75 ;

--
-- è½¬å­˜è¡¨ä¸­çš„æ•°æ® `shop_menu`
--

INSERT INTO `shop_menu` (`id`, `name`, `icon`, `pid`, `sort`, `url`, `hide`, `status`) VALUES
(1, 'æ–‡ç« ', 'fa fa-fw fa-files-o', 0, 0, '#', 0, 0),
(2, 'è®¢å•', 'fa fa-fw fa-exchange', 0, 3, '#', 0, 0),
(3, 'ä¼šå‘˜', 'fa fa-fw fa-users', 0, 4, '#', 0, 0),
(4, 'è®¾ç½®', 'fa fa-gears', 0, 5, '#', 0, 0),
(5, 'ä¸ªäºº', 'fa fa-fw fa-user', 0, 6, '#', 0, 0),
(31, 'å†™æ–‡ç« ', 'fa fa-fw fa-edit', 1, 1, 'post/add', 0, 0),
(32, 'æ‰€æœ‰æ–‡ç« ', 'fa fa-fw fa-file', 1, 0, 'post/index', 0, 0),
(37, 'åˆ†ç±»ç›®å½•', 'fa fa-fw fa-cubes', 1, 2, 'taxonomy/index', 0, 0),
(38, 'è®¢å•åˆ—è¡¨', 'fa fa-money', 2, 0, 'order/index', 0, 0),
(39, 'ä¼šå‘˜åˆ—è¡¨', 'fa fa-fw fa-user', 3, 0, 'member/index', 0, 0),
(40, 'æ·»åŠ ä¼šå‘˜', 'fa fa-fw fa-user-plus', 3, 1, 'member/add', 0, 0),
(41, 'åŸºæœ¬è®¾ç½®', 'fa  fa-wrench', 4, 0, 'config/edit', 0, 0),
(42, 'èœå•è®¾ç½®', 'fa  fa-navicon ', 4, 1, 'menu/index', 0, 0),
(43, 'ä¸ªäººèµ„æ–™', 'fa fa-user-times', 5, 0, 'user/edit', 0, 0),
(44, 'ä¿®æ”¹å¯†ç ', 'fa fa-fw fa-key', 5, 1, 'user/password', 0, 0),
(48, 'æ’ä»¶', 'fa fa-puzzle-piece', 0, 7, '#', 0, 0),
(49, 'å¹¿å‘Šç®¡ç†', 'fa  fa-picture-o', 48, 1, 'banner/index', 0, 0),
(50, 'å¯¼èˆªè®¾ç½®', 'fa  fa-cog', 4, 2, 'navigation/index', 0, 0),
(52, 'æ‰€æœ‰é¡µé¢', 'fa fa-fw fa-file', 51, 0, 'page/index', 0, 0),
(53, 'æ–°å¢é¡µé¢', 'fa fa-edit (alias)', 51, 1, 'page/add', 0, 0),
(54, 'æƒé™è®¾ç½®', 'fa fa-plug', 4, 0, 'authmanager/index', 0, 0),
(55, 'å¹¿å‘Šä½ç½®', 'fa fa-picture-o', 48, 0, 'banner_position/index', 0, 0),
(56, 'é“¾æ¥ç®¡ç†', 'fa fa-link', 48, 3, 'links/index', 0, 0),
(59, 'ç™»å½•', '', 0, 0, 'index/index', 1, 0),
(58, 'è¯„è®ºç®¡ç†', 'fa fa-comment-o', 48, 0, 'comment/index', 0, 0),
(60, 'åˆ é™¤åˆ†ç±»', '', 37, 0, 'taxonomyt/setStatus', 1, 0),
(61, 'æ·»åŠ åˆ†ç±»ç›®å½•', '', 37, 0, 'taxonomy/edit', 1, 0),
(69, 'æ•°æ®åº“å¤‡ä»½', 'fa fa-cog', 68, 0, 'Database/index?type=export', 0, 0),
(70, 'æ•°æ®åº“è¿˜åŸ', 'fa fa-cog', 68, 0, 'Database/index?type=import', 0, 0),
(71, 'å•†å“', 'fa fa-shopping-cart', 0, 2, '#', 0, 0),
(72, 'æ‰€æœ‰å•†å“', ' fa fa-shopping-cart', 71, 0, 'goods/index', 0, 0),
(73, 'æ·»åŠ å•†å“', 'fa  fa-plus-square', 71, 1, 'goods/goodsAdd', 0, 0),
(74, 'å•†å“åˆ†ç±»', 'fa fa-list', 71, 2, 'goods/category', 0, 0);

-- --------------------------------------------------------

--
-- è¡¨çš„ç»“æ„ `shop_navigation`
--

CREATE TABLE IF NOT EXISTS `shop_navigation` (
  `id` int(10) unsigned NOT NULL AUTO_INCREMENT COMMENT 'æ–‡æ¡£ID',
  `name` varchar(50) NOT NULL DEFAULT '' COMMENT 'åç§°',
  `icon` varchar(50) DEFAULT '' COMMENT 'å›¾æ ‡',
  `pid` int(10) unsigned NOT NULL DEFAULT '0' COMMENT 'ä¸Šçº§åˆ†ç±»ID',
  `sort` int(10) unsigned NOT NULL DEFAULT '0' COMMENT 'æ’åºï¼ˆåŒçº§æœ‰æ•ˆï¼‰',
  `url` char(255) NOT NULL DEFAULT '' COMMENT 'é“¾æ¥åœ°å€',
  `hide` tinyint(1) unsigned NOT NULL DEFAULT '0' COMMENT 'æ˜¯å¦éšè—',
  PRIMARY KEY (`id`),
  KEY `pid` (`pid`)
) ENGINE=MyISAM  DEFAULT CHARSET=utf8 AUTO_INCREMENT=6 ;

--
-- è½¬å­˜è¡¨ä¸­çš„æ•°æ® `shop_navigation`
--

INSERT INTO `shop_navigation` (`id`, `name`, `icon`, `pid`, `sort`, `url`, `hide`) VALUES
(1, 'é¦–é¡µ', 'fa fa-fw fa-files-o', 0, 0, 'index/index', 0),
(2, 'å…³äºæˆ‘ä»¬', 'fa fa-fw fa-exchange', 0, 1, 'article/page?name=company', 0),
(3, 'æ–°é—»èµ„è®¯', 'fa fa-fw fa-users', 0, 2, 'article/lists?category=news', 0),
(4, 'å•†å“ä¸­å¿ƒ', 'fa fa-gears', 0, 3, 'goods/index', 0),
(5, 'è”ç³»æˆ‘ä»¬', 'fa fa-fw fa-edit', 0, 5, 'article/page?name=address', 0);

-- --------------------------------------------------------

--
-- è¡¨çš„ç»“æ„ `shop_orders`
--

CREATE TABLE IF NOT EXISTS `shop_orders` (
  `id` bigint(20) NOT NULL AUTO_INCREMENT,
  `uuid` varchar(128) NOT NULL,
  `uid` int(11) NOT NULL COMMENT 'ç”¨æˆ·id',
  `order_no` varchar(20) NOT NULL COMMENT 'è®¢å•å·',
  `print_no` varchar(30) DEFAULT NULL COMMENT 'å°ç¥¨æ‰“å°æœºå•å·',
  `express_type` varchar(100) DEFAULT NULL COMMENT 'å¿«é€’æ–¹å¼',
  `express_no` varchar(100) DEFAULT NULL COMMENT 'å¿«é€’ç¼–å·',
  `pay_type` varchar(10) NOT NULL COMMENT 'æ”¯ä»˜æ–¹å¼',
  `amount` decimal(10,2) NOT NULL DEFAULT '0.00' COMMENT 'æ€»é‡‘é¢',
  `createtime` int(11) NOT NULL,
  `is_pay` int(11) NOT NULL DEFAULT '0',
  `status` varchar(10) NOT NULL COMMENT 'æ”¯ä»˜çŠ¶æ€',
  `memo` varchar(255) DEFAULT NULL COMMENT 'è®¢å•å¤‡æ³¨',
  `consignee_name` varchar(100) DEFAULT NULL COMMENT 'æ”¶è´§äºº',
  `address` text COMMENT 'æ”¶è´§åœ°å€',
  `mobile` varchar(11) DEFAULT NULL COMMENT 'æ”¶è´§äººç”µè¯',
  PRIMARY KEY (`id`,`uuid`,`order_no`)
) ENGINE=InnoDB  DEFAULT CHARSET=utf8 AUTO_INCREMENT=8 ;

--
-- è½¬å­˜è¡¨ä¸­çš„æ•°æ® `shop_orders`
--

INSERT INTO `shop_orders` (`id`, `uuid`, `uid`, `order_no`, `print_no`, `express_type`, `express_no`, `pay_type`, `amount`, `createtime`, `is_pay`, `status`, `memo`, `consignee_name`, `address`, `mobile`) VALUES
(1, '57ef4ff9-cdb2-cc2e-40d1-dc3097aef23f', 7, '2019041450505697', NULL, '', '', 'wxpay', '1000.00', 1555204914, 0, 'completed', NULL, '', '', ''),
(2, '41135524-0071-4310-a00d-f6d5deaf73e5', 7, '2019041453505449', NULL, NULL, NULL, 'wxpay', '500.00', 1555205029, 0, 'paid', NULL, NULL, '', NULL),
(3, 'c15d6cf3-e989-e79d-5d14-c8d2c295cf2e', 7, '2019041455985010', NULL, NULL, NULL, 'wxpay', '2000.00', 1555205063, 0, 'paid', NULL, NULL, '', NULL),
(4, 'ce758812-4ae1-d2eb-e3c7-41ce84a5d2e5', 1, '2019041449999799', NULL, NULL, NULL, 'wxpay', '500.00', 1555207345, 0, 'delete', NULL, NULL, '', NULL),
(5, '1eaff118-4577-5cf2-d368-6936df04a5f1', 1, '2019041652514899', NULL, '', '', 'wxpay', '500.00', 1555418420, 0, 'delete', NULL, '', '', ''),
(6, '1b89c097-cac3-8f64-b9e6-0b22ee69a138', 1, '2019050310250525', NULL, NULL, NULL, 'wxpay', '2466264.00', 1556868239, 0, 'delete', NULL, NULL, '', NULL),
(7, '29fd3fe7-e539-9af2-97cc-ef1db9fb4ffc', 1, '2019050348515655', NULL, NULL, NULL, 'wxpay', '123.00', 1556868640, 0, 'shipped', NULL, NULL, '', NULL);

-- --------------------------------------------------------

--
-- è¡¨çš„ç»“æ„ `shop_orders_address`
--

CREATE TABLE IF NOT EXISTS `shop_orders_address` (
  `id` int(10) NOT NULL AUTO_INCREMENT,
  `uid` int(10) NOT NULL,
  `consignee_name` varchar(100) NOT NULL COMMENT 'æ”¶è´§äºº',
  `province` varchar(100) NOT NULL COMMENT 'çœ',
  `city` varchar(100) NOT NULL COMMENT 'å¸‚',
  `county` varchar(100) NOT NULL COMMENT 'å¿/åŒº',
  `address` text NOT NULL COMMENT 'è¯¦ç»†åœ°å€',
  `mobile` varchar(11) NOT NULL COMMENT 'è”ç³»ç”µè¯',
  `status` int(10) NOT NULL DEFAULT '1' COMMENT '1-æ­£å¸¸ -1-å·²åˆ é™¤',
  `default` tinyint(4) NOT NULL DEFAULT '0' COMMENT 'æ˜¯å¦ä¸ºé»˜è®¤æ”¶è´§åœ°å€1-æ˜¯ 0-å¦',
  PRIMARY KEY (`id`)
) ENGINE=InnoDB  DEFAULT CHARSET=utf8 AUTO_INCREMENT=5 ;

--
-- è½¬å­˜è¡¨ä¸­çš„æ•°æ® `shop_orders_address`
--

INSERT INTO `shop_orders_address` (`id`, `uid`, `consignee_name`, `province`, `city`, `county`, `address`, `mobile`, `status`, `default`) VALUES
(1, 3, 'æµ‹è¯•æµ‹è¯•æµ‹è¯•', 'åŒ—äº¬', 'ä¸œåŸåŒº', '', 'æµ‹è¯•æµ‹è¯•æµ‹è¯•æµ‹è¯•', '17855834188', 1, 1),
(2, 4, 'æµ‹è¯•æµ‹è¯•', 'åŒ—äº¬', 'ä¸œåŸåŒº', '', 'æµ‹è¯•æµ‹è¯•æµ‹è¯•æµ‹è¯•', '17855834187', 1, 1),
(3, 5, 'qeqweq', 'åŒ—äº¬', 'ä¸œåŸåŒº', '', 'eqe', '17855845364', 1, 1),
(4, 6, 'asdas', 'åŒ—äº¬', 'ä¸œåŸåŒº', '', 'dasd', '17855867433', 1, 1);

-- --------------------------------------------------------

--
-- è¡¨çš„ç»“æ„ `shop_orders_goods`
--

CREATE TABLE IF NOT EXISTS `shop_orders_goods` (
  `id` int(11) NOT NULL AUTO_INCREMENT,
  `order_id` varchar(11) NOT NULL COMMENT 'è®¢å•å·',
  `goods_id` int(11) NOT NULL COMMENT 'å•†å“id',
  `name` varchar(255) NOT NULL,
  `num` int(10) NOT NULL COMMENT 'è´­ä¹°æ•°é‡',
  `price` decimal(10,2) NOT NULL DEFAULT '0.00',
  `description` text NOT NULL,
  `standard` varchar(255) NOT NULL,
  `cover_path` varchar(255) NOT NULL,
  `is_comment` varchar(10) NOT NULL DEFAULT '-1' COMMENT 'å•†å“æ˜¯å¦è¯„è®º -1-å¦  1-æ˜¯',
  PRIMARY KEY (`id`)
) ENGINE=InnoDB  DEFAULT CHARSET=utf8 AUTO_INCREMENT=14 ;

--
-- è½¬å­˜è¡¨ä¸­çš„æ•°æ® `shop_orders_goods`
--

INSERT INTO `shop_orders_goods` (`id`, `order_id`, `goods_id`, `name`, `num`, `price`, `description`, `standard`, `cover_path`, `is_comment`) VALUES
(7, '1', 1, 'è€å…‹', 2, '500.00', 'è€å…‹', 'm50', '/uploads/picture/20190414/4f30622b26d35c96541337db2d619485.jpg', '1'),
(8, '2', 1, 'è€å…‹', 1, '500.00', 'è€å…‹', 'm50', '/uploads/picture/20190414/4f30622b26d35c96541337db2d619485.jpg', '-1'),
(9, '3', 1, 'è€å…‹', 4, '500.00', 'è€å…‹', 'm50', '/uploads/picture/20190414/4f30622b26d35c96541337db2d619485.jpg', '-1'),
(10, '4', 1, 'è€å…‹', 1, '500.00', 'è€å…‹', 'm50', '/uploads/picture/20190414/4f30622b26d35c96541337db2d619485.jpg', '1'),
(11, '5', 1, 'è€å…‹', 1, '500.00', 'è€å…‹', 'm50', '/uploads/picture/20190414/4f30622b26d35c96541337db2d619485.jpg', '-1'),
(12, '6', 2, '1233', 2, '1233132.00', '4655', '12332', '/uploads/picture/20190503/3f6e46307aa23b7d34b5fe4aa7255795.PNG', '1'),
(13, '7', 1, '23132', 1, '123.00', '3213212', '123', '/uploads/picture/20190503/64fd6e5c6c7df8bf9f19e60a8bfc1898.JPG', '-1');

-- --------------------------------------------------------

--
-- è¡¨çš„ç»“æ„ `shop_orders_status`
--

CREATE TABLE IF NOT EXISTS `shop_orders_status` (
  `id` int(11) NOT NULL AUTO_INCREMENT,
  `order_id` varchar(50) NOT NULL COMMENT 'è®¢å•å·',
  `approve_uid` int(50) DEFAULT NULL COMMENT 'å®¡æ ¸äºº',
  `trade_no` varchar(50) DEFAULT NULL COMMENT 'æ”¯ä»˜æ¥å£æµæ°´å·',
  `trade_status` varchar(50) DEFAULT NULL COMMENT 'æ”¯ä»˜æ¥å£çŠ¶æ€',
  `status` varchar(30) NOT NULL COMMENT 'nopaid-æœªæ”¯ä»˜ paid-å·²æ”¯ä»˜,å¾…å‘è´§  shipped-å·²å‘è´§  completed-æ”¶è´§å·²å®Œæˆ',
  `createtime` int(11) NOT NULL,
  PRIMARY KEY (`id`)
) ENGINE=InnoDB  DEFAULT CHARSET=utf8 AUTO_INCREMENT=9 ;

--
-- è½¬å­˜è¡¨ä¸­çš„æ•°æ® `shop_orders_status`
--

INSERT INTO `shop_orders_status` (`id`, `order_id`, `approve_uid`, `trade_no`, `trade_status`, `status`, `createtime`) VALUES
(1, '2019021251504949', 1, NULL, NULL, 'shipped', 1549977997),
(2, '2019022010153102', 1, NULL, NULL, 'shipped', 1550661340),
(3, '2019022050515052', 1, NULL, NULL, 'shipped', 1550664891),
(4, '2019041450505697', 1, NULL, NULL, 'shipped', 1555204966),
(5, '2019041449999799', 1, NULL, NULL, 'shipped', 1555207439),
(6, '2019041652514899', 1, NULL, NULL, 'shipped', 1556005099),
(7, '2019050310250525', 1, NULL, NULL, 'shipped', 1556868296),
(8, '2019050348515655', 1, NULL, NULL, 'shipped', 1556868661);

-- --------------------------------------------------------

--
-- è¡¨çš„ç»“æ„ `shop_posts`
--

CREATE TABLE IF NOT EXISTS `shop_posts` (
  `id` bigint(20) unsigned NOT NULL AUTO_INCREMENT COMMENT 'è‡ªå¢å”¯ä¸€ID',
  `uid` bigint(20) unsigned NOT NULL DEFAULT '0' COMMENT 'å¯¹åº”ä½œè€…ID',
  `uuid` varchar(128) NOT NULL,
  `createtime` int(11) NOT NULL DEFAULT '0' COMMENT 'å‘å¸ƒæ—¶é—´',
  `content` longtext NOT NULL COMMENT 'æ­£æ–‡',
  `title` text NOT NULL COMMENT 'æ ‡é¢˜',
  `description` text NOT NULL,
  `status` varchar(20) NOT NULL DEFAULT 'publish' COMMENT 'æ–‡ç« çŠ¶æ€ï¼ˆpublish/draft/inheritç­‰ï¼‰',
  `comment_status` varchar(20) NOT NULL DEFAULT 'open' COMMENT 'è¯„è®ºçŠ¶æ€ï¼ˆopen/closedï¼‰',
  `password` varchar(20) NOT NULL DEFAULT '' COMMENT 'æ–‡ç« å¯†ç ',
  `name` varchar(200) NOT NULL DEFAULT '' COMMENT 'æ–‡ç« ç¼©ç•¥å',
  `updatetime` int(11) NOT NULL DEFAULT '0' COMMENT 'ä¿®æ”¹æ—¶é—´',
  `pid` bigint(20) unsigned NOT NULL DEFAULT '0' COMMENT 'çˆ¶æ–‡ç« ï¼Œä¸»è¦ç”¨äºPAGE',
  `level` int(11) NOT NULL DEFAULT '0' COMMENT 'æ’åº',
  `type` varchar(20) NOT NULL DEFAULT 'post' COMMENT 'æ–‡ç« ç±»å‹ï¼ˆpost/pageç­‰ï¼‰',
  `comment` bigint(20) NOT NULL DEFAULT '0' COMMENT 'è¯„è®ºæ€»æ•°',
  `view` int(11) NOT NULL DEFAULT '0' COMMENT 'æ–‡ç« æµè§ˆé‡',
  PRIMARY KEY (`id`),
  KEY `post_name` (`name`(191)),
  KEY `type_status_date` (`type`,`status`,`createtime`,`id`),
  KEY `post_parent` (`pid`),
  KEY `post_author` (`uid`)
) ENGINE=MyISAM  DEFAULT CHARSET=utf8 AUTO_INCREMENT=27 ;

--
-- è½¬å­˜è¡¨ä¸­çš„æ•°æ® `shop_posts`
--

INSERT INTO `shop_posts` (`id`, `uid`, `uuid`, `createtime`, `content`, `title`, `description`, `status`, `comment_status`, `password`, `name`, `updatetime`, `pid`, `level`, `type`, `comment`, `view`) VALUES
(1, 1, '86a350ae-3b57-9084-aca5-85b40bcbfc2b', 1474852188, '<p>å…³äºæˆ‘ä»¬<br/></p>', 'å…³äºæˆ‘ä»¬', '', 'publish', 'open', '', '', 1474852188, 0, 0, 'page', 0, 0),
(2, 1, '3ea9bf96-c5be-d853-1253-14b9846c8c97', 1474852669, '<p>ä¼ä¸šç®€ä»‹ä¼ä¸šç®€ä»‹ä¼ä¸šç®€ä»‹ä¼ä¸šç®€ä»‹ä¼ä¸šç®€ä»‹ä¼ä¸šç®€ä»‹ä¼ä¸šç®€ä»‹</p>', 'ä¼ä¸šç®€ä»‹', '', 'publish', 'open', '', 'company', 1550896886, 1, 0, 'page', 0, 0),
(26, 1, 'f40f4963-ecf9-fc58-b6a9-9fd7211b9bb5', 1555204477, '<p>ä»Šå¤©åœ¨å­¦æ ¡å†™ä»£ç ä»Šå¤©åœ¨å­¦æ ¡å†™ä»£ç ä»Šå¤©åœ¨å­¦æ ¡å†™ä»£ç ä»Šå¤©åœ¨å­¦æ ¡å†™ä»£ç </p><audio controls="controls" style="display: none;"></audio>', 'ä»Šå¤©åœ¨å­¦æ ¡å†™ä»£ç ', '', 'publish', 'open', '', '', 1557159088, 0, 0, 'post', 0, 8),
(25, 1, '7ab47541-c2dc-9e19-b8cf-98a97dc9467d', 1550664944, '<p>æµ‹è¯•æ–‡ç« æµ‹è¯•æ–‡ç« æµ‹è¯•æ–‡ç« æµ‹è¯•æ–‡ç« æµ‹è¯•æ–‡ç« æµ‹è¯•æ–‡ç« æµ‹è¯•æ–‡ç« æµ‹è¯•æ–‡ç« æµ‹è¯•æ–‡ç« æµ‹è¯•æ–‡ç« æµ‹è¯•æ–‡ç« æµ‹è¯•æ–‡ç« æµ‹è¯•æ–‡ç« æµ‹è¯•æ–‡ç« æµ‹è¯•æ–‡ç« æµ‹è¯•æ–‡ç« æµ‹è¯•æ–‡ç« æµ‹è¯•æ–‡ç« æµ‹è¯•æ–‡ç« æµ‹è¯•æ–‡ç« æµ‹è¯•æ–‡ç« æµ‹è¯•æ–‡ç« æµ‹è¯•æ–‡ç« æµ‹è¯•æ–‡ç« æµ‹è¯•æ–‡ç« æµ‹è¯•æ–‡ç« æµ‹è¯•æ–‡ç« æµ‹è¯•æ–‡ç« æµ‹è¯•æ–‡ç« æµ‹è¯•æ–‡ç« æµ‹è¯•æ–‡ç« æµ‹è¯•æ–‡ç« æµ‹è¯•æ–‡ç« æµ‹è¯•æ–‡ç« æµ‹è¯•æ–‡ç« </p>', 'æµ‹è¯•æ–‡ç« ', '', 'trash', 'open', '', '', 1550664944, 0, 0, 'post', 0, 3),
(3, 1, '1d3fa553-6e07-eed6-f459-4694de378122', 1474853044, '<p>ä¼ä¸šæ–‡åŒ–</p>', 'ä¼ä¸šæ–‡åŒ–', '', 'publish', 'open', '', 'culture', 1474853044, 1, 0, 'page', 0, 0),
(23, 1, '87f478f4-b4b5-8429-c7fa-2ac816cc9276', 1549889715, '<p>æµ‹è¯•æµ‹è¯•æµ‹è¯•æµ‹è¯•æµ‹è¯•æµ‹è¯•æµ‹è¯•æµ‹è¯•æµ‹è¯•æµ‹è¯•æµ‹è¯•æµ‹è¯•æµ‹è¯•æµ‹è¯•æµ‹è¯•æµ‹è¯•æµ‹è¯•æµ‹è¯•æµ‹è¯•æµ‹è¯•æµ‹è¯•æµ‹è¯•æµ‹è¯•æµ‹è¯•æµ‹è¯•æµ‹è¯•æµ‹è¯•</p>', 'æµ‹è¯•æµ‹è¯•æµ‹è¯•æµ‹è¯•æµ‹è¯•æµ‹è¯•', '', 'trash', 'open', '', '', 1549889715, 0, 0, 'post', 0, 3),
(24, 1, '8a98549b-5e92-8595-8a75-941652b0cd44', 1550661196, '<p>æµ‹è¯•æ–‡ç« 333æµ‹è¯•æ–‡ç« 333æµ‹è¯•æ–‡ç« 333æµ‹è¯•æ–‡ç« 333æµ‹è¯•æ–‡ç« 333æµ‹è¯•æ–‡ç« 333æµ‹è¯•æ–‡ç« 333æµ‹è¯•æ–‡ç« 333æµ‹è¯•æ–‡ç« 333æµ‹è¯•æ–‡ç« 333æµ‹è¯•æ–‡ç« 333æµ‹è¯•æ–‡ç« 333</p>', 'æµ‹è¯•æ–‡ç« 333', '', 'trash', 'open', '', '', 1550661196, 0, 0, 'post', 0, 1),
(6, 1, '085b628d-d8ae-d04c-dfa0-61992ca70f29', 1474857641, '<p>å‘å±•å†ç¨‹</p>', 'å‘å±•å†ç¨‹', '', 'publish', 'open', '', 'history', 1474857641, 1, 0, 'page', 0, 0),
(7, 1, '7df6d672-48ef-b8ed-1d18-74c3770dcbc3', 1474857699, '<p>èµ„è´¨è£èª‰<br/></p>', 'èµ„è´¨è£èª‰', '', 'publish', 'open', '', 'honor', 1474857719, 1, 0, 'page', 0, 0),
(8, 1, '7faa2c91-b173-6bd2-4b69-c0234c7c1a57', 1474861254, '<p>è”ç³»æˆ‘ä»¬</p>', 'è”ç³»æˆ‘ä»¬', '', 'publish', 'open', '', 'address', 1474861254, 0, 0, 'page', 0, 0),
(9, 1, 'b64c7e04-b8a0-eeda-0314-35eabe258111', 1474875879, '<p>å¸®åŠ©ä¸­å¿ƒ<br/></p>', 'å¸®åŠ©ä¸­å¿ƒ', '', 'publish', 'open', '', 'help', 1474875879, 0, 0, 'page', 0, 0),
(10, 1, '9bb4e644-482b-c2cd-68c7-9a1a2f290435', 1474875914, '<p>è´­ç‰©æŒ‡å—</p>', 'è´­ç‰©æŒ‡å—', '', 'publish', 'open', '', 'shopping', 1474875983, 9, 0, 'page', 0, 0),
(11, 1, '8cfc3471-3754-30cb-b030-a11dba360e0c', 1474875963, '<p>è´¦å·æ³¨å†Œ</p>', 'è´¦å·æ³¨å†Œ', '', 'publish', 'open', '', 'registration', 1474875963, 10, 0, 'page', 0, 0),
(12, 1, '1c6e5535-86e8-6e0b-548b-02e631b85b20', 1474876064, '<p>è´­ç‰©æµç¨‹</p>', 'è´­ç‰©æµç¨‹', '', 'publish', 'open', '', 'process', 1474876064, 10, 0, 'page', 0, 0),
(13, 1, '879bda21-07f8-df3c-9270-7789515157ed', 1474876127, '<p>å”®åæœåŠ¡<br/></p>', 'å”®åæœåŠ¡', '', 'publish', 'open', '', 'service', 1474876127, 9, 0, 'page', 0, 0),
(14, 1, '74610495-ab86-d787-fa50-8ba3987b680b', 1474876180, '<p>å…ˆè¡Œèµ”ä»˜</p>', 'å…ˆè¡Œèµ”ä»˜', '', 'publish', 'open', '', 'payment', 1474876180, 13, 0, 'page', 0, 0),
(15, 1, '76ce6961-894e-8d13-59c4-49881ddf6748', 1474876216, '<p>é€€è´§æµç¨‹</p>', 'é€€è´§æµç¨‹', '', 'publish', 'open', '', 'refund', 1474876216, 13, 0, 'page', 0, 0),
(16, 1, '94714551-683d-aa79-6fb4-60dd70201473', 1474876249, '<p>æŠ•è¯‰ä¸¾æŠ¥</p>', 'æŠ•è¯‰ä¸¾æŠ¥', '', 'publish', 'open', '', 'complain', 1474876249, 13, 0, 'page', 0, 0),
(17, 1, '11646a6e-cd35-bcdd-4136-c5b392b63a6f', 1474876284, '<p>æ”¯ä»˜æ–¹å¼</p>', 'æ”¯ä»˜æ–¹å¼', '', 'publish', 'open', '', 'payway', 1474876284, 9, 0, 'page', 0, 0),
(18, 1, 'd27eea5e-e553-d2d5-b05b-9574af56ce3f', 1474876316, '<p>æ”¯ä»˜å®</p>', 'æ”¯ä»˜å®', '', 'publish', 'open', '', 'alipay', 1474876316, 17, 0, 'page', 0, 0),
(19, 1, 'f569d8f0-0510-8c55-2cbf-f29a4ffea591', 1474876350, '<p>å¾®ä¿¡æ”¯ä»˜</p>', 'å¾®ä¿¡æ”¯ä»˜', '', 'publish', 'open', '', 'wxpay', 1474876382, 17, 0, 'page', 0, 0),
(20, 1, 'e4ec7532-1686-71f3-f57e-e19cc49a81bf', 1474876431, '<p>é…é€æ–¹å¼<br/></p>', 'é…é€æ–¹å¼', '', 'publish', 'open', '', 'distributionway', 1474876431, 9, 0, 'page', 0, 0),
(21, 1, 'fabe0485-4f82-643a-6a46-cd8defc7f6d4', 1474876534, '<p>é…é€èŒƒå›´</p>', 'é…é€èŒƒå›´', '', 'publish', 'open', '', 'distribution', 1474876534, 20, 0, 'page', 0, 0),
(22, 1, '88de9d39-21e8-d00f-c8ff-2b56791ea559', 1474876595, '<p>è¿è´¹è®¡ç®—</p>', 'è¿è´¹è®¡ç®—', '', 'publish', 'open', '', 'freight', 1474876595, 0, 0, 'page', 0, 0);

-- --------------------------------------------------------

--
-- è¡¨çš„ç»“æ„ `shop_terms`
--

CREATE TABLE IF NOT EXISTS `shop_terms` (
  `id` bigint(20) unsigned NOT NULL AUTO_INCREMENT COMMENT 'åˆ†ç±»ID',
  `name` varchar(200) NOT NULL DEFAULT '' COMMENT 'åˆ†ç±»å',
  `slug` varchar(200) NOT NULL DEFAULT '' COMMENT 'ç¼©ç•¥å',
  `term_group` bigint(10) NOT NULL DEFAULT '0',
  PRIMARY KEY (`id`),
  KEY `slug` (`slug`(191)),
  KEY `name` (`name`(191))
) ENGINE=MyISAM  DEFAULT CHARSET=utf8 AUTO_INCREMENT=4 ;

--
-- è½¬å­˜è¡¨ä¸­çš„æ•°æ® `shop_terms`
--

INSERT INTO `shop_terms` (`id`, `name`, `slug`, `term_group`) VALUES
(1, 'æ–°é—»èµ„è®¯', '', 0),
(2, 'ä¼ä¸šæ–°é—»', 'news', 0),
(3, 'è¡Œä¸šèµ„è®¯', 'info', 0);

-- --------------------------------------------------------

--
-- è¡¨çš„ç»“æ„ `shop_term_relationships`
--

CREATE TABLE IF NOT EXISTS `shop_term_relationships` (
  `object_id` bigint(20) unsigned NOT NULL DEFAULT '0' COMMENT 'å¯¹åº”æ–‡ç« ID/é“¾æ¥ID',
  `term_taxonomy_id` bigint(20) unsigned NOT NULL DEFAULT '0' COMMENT 'å¯¹åº”åˆ†ç±»æ–¹æ³•ID',
  `sort` int(11) NOT NULL DEFAULT '0',
  PRIMARY KEY (`object_id`,`term_taxonomy_id`),
  KEY `term_taxonomy_id` (`term_taxonomy_id`)
) ENGINE=MyISAM DEFAULT CHARSET=utf8;

--
-- è½¬å­˜è¡¨ä¸­çš„æ•°æ® `shop_term_relationships`
--

INSERT INTO `shop_term_relationships` (`object_id`, `term_taxonomy_id`, `sort`) VALUES
(24, 1, 0),
(23, 2, 0),
(24, 2, 0),
(25, 2, 0),
(26, 3, 0);

-- --------------------------------------------------------

--
-- è¡¨çš„ç»“æ„ `shop_term_taxonomy`
--

CREATE TABLE IF NOT EXISTS `shop_term_taxonomy` (
  `id` bigint(20) unsigned NOT NULL AUTO_INCREMENT COMMENT 'åˆ†ç±»æ–¹æ³•ID',
  `term_id` bigint(20) unsigned NOT NULL DEFAULT '0' COMMENT 'åˆ†ç±»æ–¹æ³•(post_tag)',
  `uuid` varchar(128) NOT NULL,
  `taxonomy` varchar(32) NOT NULL DEFAULT '' COMMENT 'åˆ†ç±»æ–¹æ³•(category)',
  `description` longtext NOT NULL,
  `pid` bigint(20) unsigned NOT NULL DEFAULT '0' COMMENT 'æ‰€å±çˆ¶åˆ†ç±»æ–¹æ³•ID',
  `count` bigint(20) NOT NULL DEFAULT '0' COMMENT 'æ–‡ç« æ•°ç»Ÿè®¡',
  PRIMARY KEY (`id`),
  UNIQUE KEY `term_id_taxonomy` (`term_id`,`taxonomy`),
  KEY `taxonomy` (`taxonomy`)
) ENGINE=MyISAM  DEFAULT CHARSET=utf8 AUTO_INCREMENT=4 ;

--
-- è½¬å­˜è¡¨ä¸­çš„æ•°æ® `shop_term_taxonomy`
--

INSERT INTO `shop_term_taxonomy` (`id`, `term_id`, `uuid`, `taxonomy`, `description`, `pid`, `count`) VALUES
(1, 1, '1caad667-985e-4b91-ef4a-fbbac872fbce', 'category', '', 0, 0),
(2, 2, '75d26c72-c68f-6c2b-3f5d-da6b85915a1c', 'category', '', 1, 0),
(3, 3, '8e830d6a-2be3-ad99-08b5-de279d877937', 'category', '', 1, 0);

-- --------------------------------------------------------

--
-- è¡¨çš„ç»“æ„ `shop_users`
--

CREATE TABLE IF NOT EXISTS `shop_users` (
  `id` bigint(20) NOT NULL AUTO_INCREMENT,
  `uuid` varchar(128) NOT NULL COMMENT 'ç³»ç»Ÿå”¯ä¸€æ ‡è¯†ç¬¦',
  `username` varchar(60) DEFAULT NULL,
  `password` varchar(64) NOT NULL,
  `nickname` varchar(50) NOT NULL,
  `email` varchar(100) DEFAULT NULL,
  `mobile` varchar(11) NOT NULL,
  `regdate` int(10) NOT NULL DEFAULT '0',
  `regip` char(15) NOT NULL DEFAULT '0',
  `salt` varchar(6) NOT NULL DEFAULT '0' COMMENT 'åŠ å¯†ç›',
  `status` tinyint(2) NOT NULL DEFAULT '1' COMMENT '1æ­£å¸¸ï¼Œ2ç¦ç”¨ï¼Œ-1åˆ é™¤',
  `last_login` int(11) DEFAULT NULL COMMENT 'æœ€åç™»å½•æ—¶é—´',
  `wechat_openid` varchar(255) DEFAULT NULL COMMENT 'å¾®ä¿¡openid',
  `qq_openid` varchar(255) DEFAULT NULL COMMENT 'qqopenid',
  `sina_openid` varchar(255) NOT NULL COMMENT 'å¾®åšopenid',
  PRIMARY KEY (`id`),
  UNIQUE KEY `username` (`username`) USING BTREE,
  UNIQUE KEY `email` (`email`) USING BTREE
) ENGINE=MyISAM  DEFAULT CHARSET=utf8 AUTO_INCREMENT=10 ;

--
-- è½¬å­˜è¡¨ä¸­çš„æ•°æ® `shop_users`
--

INSERT INTO `shop_users` (`id`, `uuid`, `username`, `password`, `nickname`, `email`, `mobile`, `regdate`, `regip`, `salt`, `status`, `last_login`, `wechat_openid`, `qq_openid`, `sina_openid`) VALUES
(1, '149f0e45-5cc0-dff6-d351-8e246c55b819', 'admin', 'c2c638349f6a9c702a0977774def5d38', 'admin', '123@qq.com', ' ', 1549889210, '::1', 'aeb454', 1, 1557155284, '', '', ''),
(2, '9244d25d-2144-dd09-d4c9-b2f426a30e2c', 'qwe', 'c38b0abf41a1684f7204e024c20681c6', 'qwe', NULL, '17855834189', 1549938856, '0', '8be5d7', 1, 1549938863, NULL, NULL, ''),
(3, 'fc28846d-e5a9-e49d-b7b0-59c9fae0e2f7', 'asd', 'f1dba4b9d4ebfc92aadc945a6f7be3a1', 'asd', NULL, '17855834188', 1549977392, '0', '0999b5', 1, 1550047169, NULL, NULL, ''),
(4, '3aec2039-b697-8e13-d189-048a5c281303', 'zxc', '50c4cf41a6b9745eedea8637c4ccf6eb', 'zxczxc', NULL, '17855834187', 1549977876, '0', '4216e3', 1, 1549977884, NULL, NULL, ''),
(5, '47db4897-39d4-ace6-5b93-60953eb2a5f8', 'asdasd', 'e02f5ec98b478e6b7381e08d50d38264', 'asdasd', NULL, '17855845364', 1550661278, '0', 'e38488', 1, 1550661284, NULL, NULL, ''),
(6, '4d149fd3-b653-da12-e9d9-079d192a5cc4', 'zxczxc', 'a38dd90634df0536985e4feeb8937df4', 'zxczxc', NULL, '17855846456', 1550664835, '0', '37b0e9', 1, 1550664842, NULL, NULL, ''),
(7, 'c87ba6d4-b4a1-26ae-77cf-871630bec261', '2015215215', 'a34d4995f34e8b45b88a428bca6aa0d9', 'cqaq', NULL, '', 1555203788, '0', 'cb0cea', 1, 1555203797, NULL, NULL, ''),
(8, '40069e42-8003-d776-8fb4-684a905731ad', 'caohuwang', '874ee5ddbcd9e23d19b922feff428c36', 'ccc', '54646545', '1231654568', 0, '0', 'aaa98c', 1, NULL, NULL, NULL, ''),
(9, '5ccce92f-4987-9d32-fce6-b1d7c5d4f91c', '123', 'f5ca5103a391d39e3b963fe7bb4a3c37', '123456', NULL, '18855056989', 1557115017, '0', '903196', 1, 1557115037, NULL, NULL, '');

-- --------------------------------------------------------

--
-- è¡¨çš„ç»“æ„ `shop_user_extend`
--

CREATE TABLE IF NOT EXISTS `shop_user_extend` (
  `group_id` mediumint(10) unsigned NOT NULL COMMENT 'ç”¨æˆ·id',
  `extend_id` varchar(300) NOT NULL COMMENT 'æ‰©å±•è¡¨ä¸­æ•°æ®çš„id',
  `type` tinyint(1) unsigned NOT NULL COMMENT 'æ‰©å±•ç±»å‹æ ‡è¯† 1:æ ç›®åˆ†ç±»æƒé™;2:æ¨¡å‹æƒé™',
  UNIQUE KEY `group_extend_type` (`group_id`,`extend_id`,`type`),
  KEY `uid` (`group_id`),
  KEY `group_id` (`extend_id`)
) ENGINE=MyISAM DEFAULT CHARSET=utf8 COMMENT='ç”¨æˆ·ç»„ä¸åˆ†ç±»çš„å¯¹åº”å…³ç³»è¡¨';

-- --------------------------------------------------------

--
-- è¡¨çš„ç»“æ„ `shop_user_group`
--

CREATE TABLE IF NOT EXISTS `shop_user_group` (
  `id` mediumint(8) unsigned NOT NULL AUTO_INCREMENT COMMENT 'ç”¨æˆ·ç»„id,è‡ªå¢ä¸»é”®',
  `module` varchar(20) NOT NULL DEFAULT '' COMMENT 'ç”¨æˆ·ç»„æ‰€å±æ¨¡å—',
  `type` tinyint(4) NOT NULL DEFAULT '0' COMMENT 'ç»„ç±»å‹',
  `title` char(20) NOT NULL DEFAULT '' COMMENT 'ç”¨æˆ·ç»„ä¸­æ–‡åç§°',
  `description` varchar(80) NOT NULL DEFAULT '' COMMENT 'æè¿°ä¿¡æ¯',
  `status` tinyint(1) NOT NULL DEFAULT '1' COMMENT 'ç”¨æˆ·ç»„çŠ¶æ€ï¼šä¸º1æ­£å¸¸ï¼Œä¸º-1ç¦ç”¨',
  `rules` varchar(500) NOT NULL DEFAULT '' COMMENT 'ç”¨æˆ·ç»„æ‹¥æœ‰çš„è§„åˆ™idï¼Œå¤šä¸ªè§„åˆ™ , éš”å¼€',
  PRIMARY KEY (`id`)
) ENGINE=MyISAM  DEFAULT CHARSET=utf8 AUTO_INCREMENT=2 ;

--
-- è½¬å­˜è¡¨ä¸­çš„æ•°æ® `shop_user_group`
--

INSERT INTO `shop_user_group` (`id`, `module`, `type`, `title`, `description`, `status`, `rules`) VALUES
(1, 'admin', 1, 'å¸†å¸†ç”¨æˆ·ç»„', '', 1, '');

-- --------------------------------------------------------

--
-- è¡¨çš„ç»“æ„ `shop_user_group_access`
--

CREATE TABLE IF NOT EXISTS `shop_user_group_access` (
  `uid` bigint(10) unsigned NOT NULL COMMENT 'ç”¨æˆ·id',
  `group_id` mediumint(8) unsigned NOT NULL COMMENT 'ç”¨æˆ·ç»„id',
  UNIQUE KEY `uid_group_id` (`uid`,`group_id`),
  KEY `uid` (`uid`),
  KEY `group_id` (`group_id`)
) ENGINE=MyISAM DEFAULT CHARSET=utf8;

-- --------------------------------------------------------

--
-- è¡¨çš„ç»“æ„ `shop_user_rule`
--

CREATE TABLE IF NOT EXISTS `shop_user_rule` (
  `id` mediumint(8) unsigned NOT NULL AUTO_INCREMENT COMMENT 'è§„åˆ™id,è‡ªå¢ä¸»é”®',
  `module` varchar(20) NOT NULL COMMENT 'è§„åˆ™æ‰€å±module',
  `type` tinyint(2) NOT NULL DEFAULT '1' COMMENT '1-url;2-ä¸»èœå•',
  `name` char(80) NOT NULL DEFAULT '' COMMENT 'è§„åˆ™å”¯ä¸€è‹±æ–‡æ ‡è¯†',
  `title` char(20) NOT NULL DEFAULT '' COMMENT 'è§„åˆ™ä¸­æ–‡æè¿°',
  `status` tinyint(1) NOT NULL DEFAULT '1' COMMENT 'æ˜¯å¦æœ‰æ•ˆ(0:æ— æ•ˆ,1:æœ‰æ•ˆ)',
  `condition` varchar(300) NOT NULL DEFAULT '' COMMENT 'è§„åˆ™é™„åŠ æ¡ä»¶',
  PRIMARY KEY (`id`),
  KEY `module` (`module`,`status`,`type`)
) ENGINE=MyISAM DEFAULT CHARSET=utf8 AUTO_INCREMENT=1 ;

-- --------------------------------------------------------

--
-- è¡¨çš„ç»“æ„ `shop_wx_menu`
--

CREATE TABLE IF NOT EXISTS `shop_wx_menu` (
  `id` int(11) NOT NULL AUTO_INCREMENT,
  `name` varchar(50) NOT NULL COMMENT 'èœå•å',
  `type` mediumint(2) NOT NULL COMMENT 'èœå•ç±»å‹(1è·³è½¬ï¼Œ2æ¶ˆæ¯)',
  `url` varchar(225) NOT NULL COMMENT 'èœå•è·³è½¬åœ°å€',
  `msg` varchar(1000) NOT NULL COMMENT 'å›å¤æ¶ˆæ¯',
  `parent` int(11) NOT NULL DEFAULT '0' COMMENT 'çˆ¶id',
  `key` varchar(50) DEFAULT NULL,
  PRIMARY KEY (`id`)
) ENGINE=InnoDB DEFAULT CHARSET=utf8 AUTO_INCREMENT=1 ;

-- --------------------------------------------------------

--
-- è¡¨çš„ç»“æ„ `shop_wx_reply`
--

CREATE TABLE IF NOT EXISTS `shop_wx_reply` (
  `id` int(11) NOT NULL AUTO_INCREMENT,
  `type` mediumint(2) NOT NULL COMMENT 'å›å¤ç±»å‹ï¼Œ1å…³æ³¨å›å¤2æ¶ˆæ¯å›å¤3å…³é”®è¯å›å¤',
  `key` varchar(225) DEFAULT NULL COMMENT 'å…³é”®è¯',
  `msg` varchar(1000) DEFAULT NULL COMMENT 'å›å¤å†…å®¹',
  PRIMARY KEY (`id`)
) ENGINE=InnoDB DEFAULT CHARSET=utf8 AUTO_INCREMENT=1 ;

/*!40101 SET CHARACTER_SET_CLIENT=@OLD_CHARACTER_SET_CLIENT */;
/*!40101 SET CHARACTER_SET_RESULTS=@OLD_CHARACTER_SET_RESULTS */;
/*!40101 SET COLLATION_CONNECTION=@OLD_COLLATION_CONNECTION */;
